[
  {
    "word": "hot",
    "phonetic": "/hɒt/",
    "phonetics": [
      {
        "text": "/hɒt/",
        "audio": "https://api.dictionaryapi.dev/media/pronunciations/en/hot-uk.mp3",
        "sourceUrl": "https://commons.wikimedia.org/w/index.php?curid=9022003",
        "license": {
          "name": "BY 3.0 US",
          "url": "https://creativecommons.org/licenses/by/3.0/us"
        }
      },
      {
        "text": "/hɑt/",
        "audio": "https://api.dictionaryapi.dev/media/pronunciations/en/hot-us.mp3",
        "sourceUrl": "https://commons.wikimedia.org/w/index.php?curid=1230189",
        "license": {
          "name": "BY-SA 3.0",
          "url": "https://creativecommons.org/licenses/by-sa/3.0"
        }
      }
    ],
    "meanings": [
      {
        "partOfSpeech": "verb",
        "definitions": [
          {
            "definition": "(with up) To heat; to make or become hot.",
            "synonyms": [],
            "antonyms": []
          },
          {
            "definition": "(with up) To become lively or exciting.",
            "synonyms": [],
            "antonyms": []
          }
        ],
        "synonyms": [
          "heat",
          "heat up",
          "hot up"
        ],
        "antonyms": []
      },
      {
        "partOfSpeech": "adjective",
        "definitions": [
          {
            "definition": "(of an object) Having a high temperature.",
            "synonyms": [],
            "antonyms": [],
            "example": "He forgot that the frying pan was hot and burned his hand."
          },
          {
            "definition": "(of the weather) Causing the air to be hot.",
            "synonyms": [],
            "antonyms": [],
            "example": "It is hotter in summer than in winter."
          },
          {
            "definition": "(of a person or animal) Feeling the sensation of heat, especially to the point of discomfort.",
            "synonyms": [],
            "antonyms": [],
            "example": "Aren't you hot with that thick coat on?"
          },
          {
            "definition": "(of a temper) Easily provoked to anger.",
            "synonyms": [],
            "antonyms": [],
            "example": "Be careful, he has a hot temper and may take it out on you."
          },
          {
            "definition": "Feverish.",
            "synonyms": [],
            "antonyms": []
          },
          {
            "definition": "(of food) Spicy.",
            "synonyms": [],
            "antonyms": [],
            "example": "Before moving to India, I never ate hot food. The Indians love spicy food."
          },
          {
            "definition": "Very good, remarkable, exciting.",
            "synonyms": [],
            "antonyms": [],
            "example": "He's a hot young player, we should give him a trial."
          },
          {
            "definition": "Stolen.",
            "synonyms": [],
            "antonyms": [],
            "example": "hot merchandise"
          },
          {
            "definition": "Electrically charged.",
            "synonyms": [],
            "antonyms": [],
            "example": "a hot wire"
          },
          {
            "definition": "Radioactive.",
            "synonyms": [],
            "antonyms": []
          },
          {
            "definition": "(of a person) Very physically and/or sexually attractive.",
            "synonyms": [],
            "antonyms": [],
            "example": "That stripper is hot!"
          },
          {
            "definition": "Sexual or sexy; involving sexual intercourse or sexual excitement.",
            "synonyms": [],
            "antonyms": []
          },
          {
            "definition": "Sexually aroused; randy.",
            "synonyms": [],
            "antonyms": [],
            "example": "Enough foreplay! You’ve gotten me so hot already!"
          },
          {
            "definition": "(with for) Attracted to.",
            "synonyms": [],
            "antonyms": [],
            "example": "hot for her English teacher"
          },
          {
            "definition": "Popular; in demand.",
            "synonyms": [],
            "antonyms": [],
            "example": "This new pickup is so hot we can't keep it in stock!"
          },
          {
            "definition": "Of great current interest; provoking current debate or controversy.",
            "synonyms": [],
            "antonyms": [],
            "example": "a hot topic"
          },
          {
            "definition": "Very close to finding or guessing something to be found or guessed.",
            "synonyms": [],
            "antonyms": [],
            "example": "Am I warm yet? — You're hot!"
          },
          {
            "definition": "Performing strongly; having repeated successes.",
            "synonyms": [],
            "antonyms": []
          },
          {
            "definition": "Fresh; just released.",
            "synonyms": [],
            "antonyms": []
          },
          {
            "definition": "Uncomfortable, difficult to deal with; awkward, dangerous, unpleasant.",
            "synonyms": [],
            "antonyms": []
          },
          {
            "definition": "Used to emphasize the short duration or small quantity of something",
            "synonyms": [],
            "antonyms": [],
            "example": "He was finished in a hot minute."
          },
          {
            "definition": "Characterized by police presence or activity.",
            "synonyms": [],
            "antonyms": [],
            "example": "I wouldn't speed through here if I was you. This area is hot this time of night."
          },
          {
            "definition": "(of a draft/check) Not covered by funds on account.",
            "synonyms": [],
            "antonyms": [],
            "example": "I wouldn't trust him. He gave me a hot check last week."
          }
        ],
        "synonyms": [
          "live",
          "baking",
          "boiling",
          "boiling hot",
          "feverish",
          "temperature",
          "heated",
          "bad",
          "rubber",
          "baking",
          "boiling",
          "boiling hot",
          "sultry",
          "sweltering",
          "radioactive",
          "attractive",
          "beautiful",
          "cute",
          "fit",
          "foxy",
          "gorgeous",
          "handsome",
          "hunky",
          "lush",
          "pretty",
          "sexy",
          "studly",
          "tasty",
          "yummy",
          "stolen",
          "piquant",
          "spicy",
          "tangy"
        ],
        "antonyms": [
          "dead",
          "neutral",
          "freezing",
          "freezing cold",
          "chilled",
          "chilly",
          "cold",
          "cold as ice",
          "freezing",
          "freezing cold",
          "frigid",
          "glacial",
          "ice-cold",
          "icy",
          "cold",
          "freezing",
          "freezing cold",
          "icy",
          "lifeless",
          "bland",
          "mild"
        ]
      }
    ],
    "license": {
      "name": "CC BY-SA 3.0",
      "url": "https://creativecommons.org/licenses/by-sa/3.0"
    },
    "sourceUrls": [
      "https://en.wiktionary.org/wiki/hot"
    ]
  }
]